{
  "np": 4,
  "n_gen": 64,
  "spec": "none",
  "slots": [
    {"slot": 0, "prompt": "/home/llm/yarn-agentic/data/phase_dflash_t8/prompts/p0.txt", "terminated": true, "decode_ok": true, "no_nan_inf": true, "in_vocab": 64, "n_gen": 64, "in_vocab_ok": true, "ppl": 1.610658, "ppl_ok": true, "n_prompt_tokens": 29, "generated_tokens": [198,248045,248068,271,248069,271,71093,12305,198,727,3841,6646,10620,25,1103,18078,2387,1411,1103,18078,5491,198,262,4071,198,262,15495,264,1103,314,24959,303,34217,1906,1608,279,3841,6646,11767,13,198,1031,262,17167,25,198,285,2796,25,357,1103,314,24959,310,381,10300,13,198,1726,262,5019,25,198,285]},
    {"slot": 1, "prompt": "/home/llm/yarn-agentic/data/phase_dflash_t8/prompts/p1.txt", "terminated": true, "decode_ok": true, "no_nan_inf": true, "in_vocab": 64, "n_gen": 64, "in_vocab_ok": true, "ppl": 1.862197, "ppl_ok": true, "n_prompt_tokens": 39, "generated_tokens": [20139,1204,264,41163,579,638,12,51319,16456,4138,13,17227,279,3134,66533,55616,39141,11,279,12391,27709,11,279,26079,7911,11,279,73756,888,11857,11,321,3069,75401,369,4221,303,56485,3983,13,271,248068,198,8160,579,264,7047,1817,25,271,16,13,220,2972,15771,2598,2570,5952,64700,198,256,471,2972,25562]},
    {"slot": 2, "prompt": "/home/llm/yarn-agentic/data/phase_dflash_t8/prompts/p2.txt", "terminated": true, "decode_ok": true, "no_nan_inf": true, "in_vocab": 64, "n_gen": 64, "in_vocab_ok": true, "ppl": 1.733452, "ppl_ok": true, "n_prompt_tokens": 74, "generated_tokens": [13,220,16,17,25,15,15,5670,11,220,17,19,15,12754,198,33,13,220,16,17,25,18,15,5670,11,220,17,23,15,12754,198,34,13,220,16,25,15,15,5670,11,220,18,17,15,12754,198,35,13,220,16,17,25,15,15,5670,11,220,18,17,15,12754,198,15666,25]},
    {"slot": 3, "prompt": "/home/llm/yarn-agentic/data/phase_dflash_t8/prompts/p3.txt", "terminated": true, "decode_ok": true, "no_nan_inf": true, "in_vocab": 64, "n_gen": 64, "in_vocab_ok": true, "ppl": 1.738858, "ppl_ok": true, "n_prompt_tokens": 33, "generated_tokens": [25,198,332,9751,75318,20271,332,2228,12,2972,10088,92217,357,5484,6618,46632,303,864,279,1558,369,15700,383,264,28853,10031,11,1332,1754,1879,369,33283,440,279,4252,2468,13,561,5614,369,310,3827,264,12366,494,10804,310,15796,748,421,279,1558,628,6805,279,4252,2468,364,491,11,61002,10804,13,2228]}
  ],
  "n_fail": 0
}
