{
  "np": 2,
  "n_gen": 64,
  "spec": "none",
  "slots": [
    {"slot": 0, "prompt": "/home/llm/yarn-agentic/data/phase_dflash_t8/prompts/p0.txt", "terminated": true, "decode_ok": true, "no_nan_inf": true, "in_vocab": 64, "n_gen": 64, "in_vocab_ok": true, "ppl": 1.580525, "ppl_ok": true, "n_prompt_tokens": 29, "generated_tokens": [198,248045,248068,198,8160,579,264,7047,1817,25,271,16,13,220,2972,15771,2598,2570,5952,64700,198,256,471,2972,26943,64700,3297,5607,366,198,256,471,2972,13410,64700,12654,198,256,471,2972,2425,64700,1697,314,24959,198,256,471,2972,4935,64700,50915,1103,303,34217,1906,198,256,471,2972,73211,64700,28763,5853]},
    {"slot": 1, "prompt": "/home/llm/yarn-agentic/data/phase_dflash_t8/prompts/p1.txt", "terminated": true, "decode_ok": true, "no_nan_inf": true, "in_vocab": 64, "n_gen": 64, "in_vocab_ok": true, "ppl": 1.648671, "ppl_ok": true, "n_prompt_tokens": 39, "generated_tokens": [20139,1204,264,41163,579,638,12,51319,16456,4138,13,17227,279,3134,66533,55616,39141,11,279,1167,42,61,51,26079,11,279,73756,888,11857,11,321,3069,75401,369,4221,303,56485,3983,13,271,248068,198,8160,579,264,7047,1817,25,271,16,13,220,2972,15771,2598,2570,5952,64700,198,256,471,2972,25562,64700]}
  ],
  "n_fail": 0
}
