{
  "np": 4,
  "n_gen": 64,
  "spec": "none",
  "slots": [
    {"slot": 0, "prompt": "/home/llm/yarn-agentic/data/phase_dflash_t8/prompts/p0.txt", "terminated": true, "decode_ok": true, "no_nan_inf": true, "in_vocab": 64, "n_gen": 64, "in_vocab_ok": true, "ppl": 1.587115, "ppl_ok": true, "n_prompt_tokens": 29, "generated_tokens": [198,248045,248068,198,8160,579,264,7047,1817,25,271,16,13,220,2972,15771,2598,2570,5952,64700,198,256,471,2972,26943,64700,3297,5607,366,198,256,471,2972,13410,64700,12654,198,256,471,2972,2425,64700,1697,314,24959,198,256,471,2972,4935,64700,50915,1103,303,34217,1906,198,256,471,2972,73211,64700,28763,5853]},
    {"slot": 1, "prompt": "/home/llm/yarn-agentic/data/phase_dflash_t8/prompts/p1.txt", "terminated": true, "decode_ok": true, "no_nan_inf": true, "in_vocab": 64, "n_gen": 64, "in_vocab_ok": true, "ppl": 1.808695, "ppl_ok": true, "n_prompt_tokens": 39, "generated_tokens": [20139,1204,264,41163,579,638,12,51319,16456,4138,13,17227,279,3134,66533,55616,39141,11,279,29689,12391,27709,11,279,3725,10885,513,40751,303,56485,3983,13,271,248068,198,8160,579,264,7047,1817,25,271,16,13,220,2972,15771,2598,2570,5952,64700,198,256,471,2972,25562,64700,60277,579,638,12,51319,16456,198]},
    {"slot": 2, "prompt": "/home/llm/yarn-agentic/data/phase_dflash_t8/prompts/p2.txt", "terminated": true, "decode_ok": true, "no_nan_inf": true, "in_vocab": 64, "n_gen": 64, "in_vocab_ok": true, "ppl": 3.132496, "ppl_ok": true, "n_prompt_tokens": 74, "generated_tokens": [13,220,16,17,25,18,15,5670,11,220,17,19,15,12754,198,33,13,220,16,17,25,18,15,5670,11,220,17,15,15,12754,198,34,13,220,16,25,15,15,5670,11,220,17,19,15,12754,198,35,13,220,16,25,15,15,5670,11,220,9469,220,17,15,15,12754,198,27656]},
    {"slot": 3, "prompt": "/home/llm/yarn-agentic/data/phase_dflash_t8/prompts/p3.txt", "terminated": true, "decode_ok": true, "no_nan_inf": true, "in_vocab": 64, "n_gen": 64, "in_vocab_ok": true, "ppl": 1.320975, "ppl_ok": true, "n_prompt_tokens": 33, "generated_tokens": [321,12503,56994,6618,11,6758,446,75318,6618,11,321,68859,6618,13,1690,1754,11,2873,264,7044,11,264,17697,11767,11,321,264,1865,29100,3638,13,271,248068,198,8160,579,264,7047,1817,25,271,16,13,220,2972,15771,2598,2570,5952,64700,198,256,471,2972,25562,64700,23024,321,12503,56994,6618,11,6758,446]}
  ],
  "n_fail": 0
}
