{
  "shape": { "M": 1024, "K": 2560, "N": 7680, "bytes_C": 15728640 },
  "path_a_1stream": { "p50_ms": 0.542401, "p95_ms": 0.547164, "p99_ms": 0.553834 },
  "path_b_2stream": { "p50_ms": 0.535200, "p95_ms": 0.540442, "p99_ms": 0.546332 },
  "speedup_p50": 1.013455,
  "decision": "DROP_C8",
  "equivalence": { "n_diff": 0, "n_diff_gt2ulp": 0, "max_abs_diff": 0 }
}
